https://staging.aveneusa.com/,homepage
https://staging.aveneusa.com/collections/collection-thermal-spring-water,plp
https://staging.aveneusa.com/skin-care/moisturizer,plp
https://staging.aveneusa.com/concerns/acne-prone,plp
https://staging.aveneusa.com/concerns/acne-prone/cleanance-cleansing-gel-for-face-and-body,pdp
https://staging.aveneusa.com/concerns/acne-prone/cleanance-expert,pdp
https://staging.aveneusa.com/concerns/acne-prone/cleanance-mat-mattifying-toner,pdp
https://staging.aveneusa.com/,meganav
https://staging.aveneusa.com/skin-analysis/,skinquiz
https://staging.aveneusa.com/store-locator,store
