https://mcstaging.avenederm.com/customer/account/login/,customer
https://mcstaging.avenederm.com/#,home
https://mcstaging.avenederm.com/checkout/cart/,checkout
https://mcstaging.avenederm.com/business/promotions/,business
https://www.avenederm.com/business/promotions/,business
https://mcstaging.avenederm.com/#store.menu,#store
https://mcstaging.avenederm.com/avene,avene
https://mcstaging.avenederm.com/avene/,avene
https://mcstaging.avenederm.com/business-promotions/,business-promotions
https://mcstaging.avenederm.com/business-promotions,business-promotions
https://mcstaging.avenederm.com/loyalty-program/,loyalty-program
https://mcstaging.avenederm.com/marketing/resources,marketing
https://mcstaging.avenederm.com/marketing/resources?content_type=Clinical-Studies,marketing
https://mcstaging.avenederm.com/marketing/resources?content_type=Product-Images,marketing
https://mcstaging.avenederm.com/marketing/resources?content_type=Product-Manual,marketing
https://mcstaging.avenederm.com/marketing/resources?content_type=Sell-Sheets,marketing
https://mcstaging.avenederm.com/marketing/resources?content_type=Videos,marketing
https://mcstaging.avenederm.com/marketing/resources?content_type=White-Papers,marketing
https://mcstaging.avenederm.com/marketing/resources?content_type=Assets,marketing
https://mcstaging.avenederm.com/training/seminars,training
https://mcstaging.avenederm.com/businessassets/services,businessassets
https://mcstaging.avenederm.com/businessassets/storemerchandising,businessassets
https://mcstaging.avenederm.com/businessassets/storemerchandising?content_type=Easelback-Sign,businessassets
https://mcstaging.avenederm.com/businessassets/storemerchandising?content_type=Flyers,businessassets
https://mcstaging.avenederm.com/businessassets/storemerchandising?content_type=Glorifier-Insert,businessassets
https://mcstaging.avenederm.com/businessassets/storemerchandising?content_type=5x7-Sign,businessassets
https://mcstaging.avenederm.com/businessassets/onlinemerchandising,businessassets
https://mcstaging.avenederm.com/businessassets/onlinemerchandising?content_type=Lifestyle-Images,businessassets
https://mcstaging.avenederm.com/online/p2p/all,online
https://mcstaging.avenederm.com/online/p2p/conventions,online
https://mcstaging.avenederm.com/clinicals/resources,clinicals
https://mcstaging.avenederm.com/discover-avene,discover-avene
https://mcstaging.avenederm.com/avene-thermal-spring-water,avene-thermal-spring-water
https://mcstaging.avenederm.com/training-education,training-education
https://mcstaging.avenederm.com/#store.links,#store
https://mcstaging.avenederm.com/sales/order/history,sales
https://mcstaging.avenederm.com/marketing/resources/,marketing
https://mcstaging.avenederm.com/customersupport/,customersupport
https://mcstaging.avenederm.com/xeracalm-nutrition-shower-cream,xeracalm-nutrition-shower-cream
https://mcstaging.avenederm.com/xeracalm-nutrition-moisturizing-balm,xeracalm-nutrition-moisturizing-balm
https://mcstaging.avenederm.com/hyaluron-activ-b3-renewal-firming-cream,hyaluron-activ-b3-renewal-firming-cream
https://mcstaging.avenederm.com/p0007956-av-cleanance-mattifying-lotion-spf-30-50ml,p0007956-av-cleanance-mattifying-lotion-spf-30-50ml
https://mcstaging.avenederm.com/p0007955-av-mineral-sunscreen-balm-stick-spf-50-15g,p0007955-av-mineral-sunscreen-balm-stick-spf-50-15g
https://mcstaging.avenederm.com/p0008217-av-thermal-spring-water-300ml,p0008217-av-thermal-spring-water-300ml
https://mcstaging.avenederm.com/p0008217-av-thermal-spring-water-300ml#reviews,p0008217-av-thermal-spring-water-300ml#reviews
https://mcstaging.avenederm.com/p0000636-av-retrinal-0-1-intensive-cream-30ml,p0000636-av-retrinal-0-1-intensive-cream-30ml
https://mcstaging.avenederm.com/p0000636-av-retrinal-0-1-intensive-cream-30ml#reviews,p0000636-av-retrinal-0-1-intensive-cream-30ml#reviews
https://mcstaging.avenederm.com/p0006613-av-retrinal-serum-advanced-correcting-serum-30ml,p0006613-av-retrinal-serum-advanced-correcting-serum-30ml
https://mcstaging.avenederm.com/p0006613-av-retrinal-serum-advanced-correcting-serum-30ml#reviews,p0006613-av-retrinal-serum-advanced-correcting-serum-30ml#reviews
https://mcstaging.avenederm.com/terms-conditions/,terms-conditions
https://mcstaging.avenederm.com/privacy-policy/,privacy-policy
https://mcstaging.avenederm.com/privacy-request-form/,privacy-request-form
https://mcstaging.avenederm.com/accessibility-statement/,accessibility-statement
https://mcstaging.avenederm.com/donotsell/,donotsell
https://mcstaging.avenederm.com/site-feedback/,site-feedback
https://mcstaging.avenederm.com/customersupport/?event=adverse/,customersupport
https://mcstaging.avenederm.com/customersupport/?event=new-account/,customersupport
https://mcstaging.avenederm.com/customer/account/create/,customer
https://mcstaging.avenederm.com/customer/account/forgotpassword/,customer
